game_id,home_team_id,away_team_id,home_team_score,away_team_score
45846,272,287,76.73861757773136,65.46749148135802
45847,279,56,77.64748723911353,65.45078942349355
45848,271,12,87.43959691185577,63.70799495583579
45849,34,170,75.01436759937133,65.47462115280466
45850,31,201,81.4175416234869,52.41088866777356
45851,22,197,73.50133993078022,53.24583400178023
45852,30,260,84.98148513882687,67.09118735302691
45853,28,241,76.90297809367577,62.60875907436246
45854,21,124,90.39189641878019,66.44344915240022
45855,33,242,76.04228056597131,65.11347655567133
45856,23,266,86.5289159696602,65.56714140098023
45857,29,41,79.81779809689353,60.179679856893536
45858,26,37,75.4303682998691,59.39486657984909
45859,35,162,77.30816314479799,65.10116537697132
45860,27,288,74.8795011849758,58.33399576506245
46041,248,229,84.92139646183796,65.41026037567133
46042,246,38,82.0169046291713,62.703628930838015
46043,253,77,77.80549635476468,54.62492063721136
46044,250,120,72.14880877244688,60.30906856194689
46045,251,118,68.79673595172684,61.22114035520688
46046,255,1024,71.57850887078908,57.98684768768243
46047,96,321,75.65877936234465,65.281681457698
46048,103,159,79.81562997336023,59.81033405115357
46049,101,82,70.82219024553356,62.1163258937669
46050,98,230,80.72635816512467,61.700672642471346
46051,100,351,80.59522400661574,60.329231904115765
46052,99,17,84.28081471989353,66.3065342705269
46053,104,188,75.48023204433353,65.17364423266689
46054,95,315,80.3158784639491,63.68805001574912
46055,92,175,75.7444593303402,59.7311397794802
46056,91,192,86.52294562230463,60.129401213537996
46057,93,236,76.70311103396021,56.32359245286024
46058,102,239,80.75631786701801,50.43829372911136
46059,107,226,73.53154483434024,60.144795977980245
46060,111,301,81.71971533919799,55.719250101378
46061,109,139,74.31576073367577,55.92884060589577
46062,114,310,84.65403997911133,51.800575378911326
46063,105,295,73.14681514030465,59.815665214971325
46064,112,350,84.26534618661134,63.82838014335134
46065,106,316,88.9031445085069,59.57387968814024
46066,110,317,71.6627177217491,44.62578282261579
46067,273,7,71.77671871650466,71.869459954038
46068,270,326,78.50123331850465,60.40849150151799
46069,277,234,86.65181359212691,57.73956773886025
46070,267,190,78.03642493195134,58.181857964998024
46071,274,307,76.78623105140242,58.671162368589094
46072,280,1212,83.06702595770464,63.553569555664644
46073,108,308,90.38826852822241,52.354400806302436
46395,58,57,76.08867568386022,58.13009755516023
46400,52,290,81.90798890779799,62.64549899794467
46401,254,339,79.28254552787355,62.59480248183356
46403,97,79,83.01847278151803,61.90919750006467
46834,202,298,81.12790531089352,63.87291080704021
46837,67,817,79.82850315547134,61.04267371763802
46840,59,199,86.81820250954023,65.36119794166024
46841,3,1213,80.30983385019357,50.8719258749269
46842,66,209,73.86087274777132,72.76855716141135
46843,65,86,79.52324568407799,61.847331484104664
46844,61,1112,84.43072013474467,61.116969635038025
47267,45,171,78.25924814471355,58.764700280666865
47268,54,240,79.28013672580688,63.736324128720234
47269,50,174,75.71717213898023,68.03015350590023
47271,44,741,82.25215341379355,52.59763585297356
47272,209,224,87.97087116067132,61.16614731677132
47273,55,232,82.64633104944909,68.80829575394911
47274,167,161,76.70524812764911,71.6191067402158
47275,220,348,74.83827575472688,64.8677296704602
47276,218,305,74.67808886772244,63.56498883234244
47277,53,165,63.20553328209131,59.206372127718
47278,214,78,85.67279272396244,78.05116725244247
47279,15,163,72.60264834411576,61.85882346361577
47280,216,750,83.75971204256022,75.73589955992688
47282,217,83,73.436822723798,61.40076651447801
47283,181,221,73.39621960568685,69.78360556290022
47284,134,311,88.01044727147358,63.32575414800022
47285,337,146,80.04189195606021,74.45826318945356
47286,142,200,79.4907887785002,68.40396365934022
47288,125,258,64.97794687499798,67.05876391382463
47289,47,225,72.95059879209799,62.92047644822467
47290,66,262,74.58445417586466,61.001759736518004
47291,394,117,78.77780333132911,75.0620795833558
47293,1007,347,73.31127752060911,73.57528001782912
47858,154,178,69.60093508775579,71.26917840190245
47861,341,70,84.28423747663355,75.86177127644689
47862,1,392,85.22584719081577,66.84024936829577
47863,11,243,76.40420384425356,63.570166018080215
47864,10,19,82.30960484234468,65.06264827435133
47865,8,80,76.653635599438,67.24401396962466
47867,275,87,84.91150303153799,68.45069389818467
47892,6,75,82.96524069918024,60.02591816212024
47893,278,292,75.30084556127133,62.434126390838
47895,127,13,71.93519161810467,60.076173371971336
47896,140,293,80.67774091199576,69.33587141760911
47897,294,71,70.06444740741577,67.93159263791577
47901,222,329,67.14496133852244,64.01699158494245
47902,328,81,72.80225412148243,68.71174203526245
47903,138,193,68.09745943384468,57.948273575604674
47905,113,325,75.37410786741577,53.95736020840246
47906,233,180,76.70244395233577,69.36106795944245
47907,319,73,79.28555949938244,68.66955673544912
47908,2,223,74.945148645758,59.093484361591315
47914,345,74,73.0605267128269,66.54785347391359
47915,336,72,78.05163990927579,56.683374242182445
47917,335,320,76.53130127020688,68.7840411296869
48709,179,261,77.98835506733799,78.69002440054466
48710,264,168,66.66115321736245,68.68775472272911
48722,169,39,67.77507522217134,59.241770533171355
49109,249,69,83.76457845519354,68.27603954173354
49110,256,332,70.13453460684909,58.05646132290911
49111,182,203,68.89483595459353,60.42878529150689
49112,160,128,77.1945580055602,72.25428309639352
49114,212,123,76.15183926988688,67.52113790348689
49118,259,131,66.36431657778246,65.63192753148246
49119,129,281,78.4434821790269,77.86450197774025
49165,245,198,84.8296163463402,53.74594905255355
49166,205,323,70.52735826737131,57.999923708271346
49168,172,155,72.80420794365577,74.19837651288245
49169,207,152,77.41881952139353,57.93326241722688
49252,252,5,71.16536839472911,69.60674044468244
49315,204,322,77.4532445855158,66.54058291571582
49317,177,314,74.54928125441575,69.85886287748245
49320,183,148,78.59327790083134,64.98290388279801
49444,338,304,78.81349956991576,65.28520389267577
49445,296,306,78.51459892634465,65.26057053069134
49619,268,195,90.20928741422242,63.05393172979575
49791,247,302,90.3992900439224,67.25369894682244
49817,334,36,97.92763261288468,65.94637849153136
46074,94,151,79.74733397956243,57.07402952392912
46845,24,1025,72.20599372731576,59.75390250386911
46846,63,173,76.44298072138244,62.993036177689106
46847,62,200,85.0984819161269,71.53733592476691
47294,51,68,70.62558362317131,66.04692434970468
47919,9,284,68.26377851372688,66.24478040039355
49170,18,227,67.03197119094906,70.50852199089577
49172,267,190,78.03642493195134,58.181857964998024
49514,222,329,67.14496133852244,64.01699158494245
46404,60,166,79.40503450880243,59.37246291180245
46848,269,362,80.11455329748243,58.52065373224912
46849,321,40,79.75155762646466,72.34331269643802
47870,155,241,79.27844277764912,70.03089763241579
47872,24,1025,72.20599372731576,59.75390250386911
47923,126,189,83.78814724875356,68.10756058090023
47925,340,198,79.51490831376687,58.84327926992023
48615,176,265,72.75527014233354,71.29836020938691
49121,211,317,78.26216025894023,47.784452555686904
49122,150,49,70.02618596948246,73.55392591450912
49325,215,314,74.92302007123801,68.51123937990468
45861,31,260,75.49483765591869,57.11147261122184
45862,25,86,78.24890962991745,57.59041565473843
46075,246,311,82.49670491482163,57.30978430530641
46076,255,79,74.03838878960825,59.60915242916557
46077,103,227,76.70630180452162,57.384050156146984
46078,101,262,64.94125546976802,51.98923953017507
46079,98,88,81.23949022273699,59.37163498082798
46080,99,316,79.55640765537522,63.60137620411709
46081,92,287,77.88667744267876,61.79869955577915
46082,93,192,77.56152294182445,51.444930342703636
46083,111,304,76.41828934176381,54.69885334881369
46084,109,293,79.37430087744683,52.544488235292995
46852,65,185,83.19677783146012,63.77042199696714
46853,61,71,80.80438932486737,54.73838044900852
47295,55,127,72.60280710043698,72.04180074604078
47297,163,261,66.30878921198159,69.7823937582861
47874,4,156,84.05629301293042,65.27078161694118
47927,159,16,70.47936600610562,74.33890462194051
47929,331,197,71.41763305927714,62.63091639730032
47930,341,329,75.62856549441784,64.85973585781016
47934,343,120,69.43608573943315,64.02752354481716
47935,335,15,63.966502867383745,55.44297480763376
48727,288,89,63.70964434036737,60.86282444181653
48728,291,83,72.63101084831145,63.32280448263796
49125,237,144,76.8356046457099,84.74618112697239
49173,1213,174,62.72988183614183,71.04659340465865
49174,113,205,66.34135507823788,55.99192016197951
49327,239,204,56.45319233259489,64.35688642178977
49447,338,122,73.61396842546198,62.55816241253358
49515,219,302,77.42868170411843,62.36826189178566
49624,309,396,70.22438179040141,65.0372653798085
45863,279,11,73.13226707846522,58.14472428633234
45864,271,42,83.16115462016474,63.17468225660211
45865,34,272,70.48197807851066,65.14332273037292
45866,22,166,71.64570467302958,51.51694651805832
45867,28,107,66.50945866701014,65.97568736438912
45868,21,129,91.1805089768864,66.26552061752193
45869,33,90,71.87063269401277,61.10091950812878
45870,23,286,70.96461590487951,62.051989912637275
45871,8,29,67.70320721631721,67.73097251246217
45872,26,43,86.9535946969652,62.580950667672035
45873,267,27,62.102354417202086,61.128290867384294
46086,248,346,72.73474976411043,60.44870054339449
46087,253,117,81.26324392563376,61.11609543480321
46088,312,250,63.359053706215846,73.80813157917122
46089,96,254,63.940180218289036,64.114230496239
46090,94,242,75.23063984659083,57.48272681669012
46091,100,186,75.99663321118594,59.53281990824072
46092,104,228,73.9270043544738,61.00336979947866
46093,187,95,62.12652247032584,81.59368343216924
46094,91,196,86.99928417977773,65.00347623390996
46095,102,362,83.49386483355684,58.000143651373726
46096,114,303,79.73313597008483,50.748551462535346
46097,105,310,78.52474240563497,50.084290015575235
46098,251,112,62.43583741442446,61.77560488335528
46099,273,143,76.85003612630751,57.61557483418644
46100,270,296,73.42129567603023,61.8593534460909
46101,274,145,70.58245329201165,65.43943698617731
46102,280,161,77.91771153876151,66.86988944100499
46103,108,191,81.37678595706716,59.386850719486304
46396,334,97,83.02568182225087,74.12046549791943
46397,2,58,61.99789000811366,64.64143431687774
46405,283,233,78.85923493099367,68.25736425415535
46854,275,84,79.07382838381554,70.22633632978068
46856,164,324,68.04578550177933,70.30353642602167
46857,3,259,74.23954262638102,54.59572437645287
46858,59,68,75.84996836796637,61.30073552477564
46859,282,130,67.14437870919716,62.752378120309224
46860,66,322,78.49689071476372,60.97184536574344
47298,245,116,74.82158382476393,60.88648075294719
47299,52,206,72.14490402940012,64.10596037135824
47300,157,209,68.40477449434971,77.71540963466904
47301,48,195,77.54618489109791,69.57649070556077
47302,56,87,68.48781410992527,61.77186845679855
47303,276,53,78.37521918781289,55.52775965729702
47304,44,1,72.20476952482193,59.61520111080556
47305,115,308,77.17662321610187,56.42282811644497
47306,171,232,67.0218972568436,61.22908599091352
47307,70,158,72.67124085575529,75.62000823395708
47308,220,210,71.35238112729284,64.7858493847495
47309,214,330,79.43185266649002,69.38344267890075
47310,292,147,75.0451916886701,69.9169390162257
47311,217,300,80.87216658993121,63.669658182021095
47312,221,133,65.33750888912728,65.25287161762618
47313,183,134,71.27019872146974,76.34002464084337
47314,119,213,66.0388393231765,66.0443703617726
47315,46,6,60.26504375290992,76.34567893116416
47316,165,231,74.05096846109093,73.03400603263407
47317,258,160,63.09162816196508,61.36401157140666
47875,200,226,64.07748308242031,65.21017364243495
47876,10,299,85.06632479564547,65.50228161446194
47937,1112,351,71.57840717106757,64.17273332895725
47938,132,138,63.45639699583425,61.86861546022355
47939,212,336,67.36476165061677,69.07766247111559
47940,123,337,72.28016823308795,69.15547130058386
47942,394,39,73.07319335291788,60.889295343811725
47943,340,76,85.11540161643927,71.18909409103611
49126,249,36,77.37078919857599,63.636770462200275
49128,14,170,60.20584812784702,64.91701104338794
49130,128,167,71.71400477091592,70.77032505014238
49255,252,198,71.16143649491909,56.91357429314803
49332,247,305,85.30181119034413,60.40878331441536
49333,278,177,62.70644284774708,61.62445707676879
49334,149,181,81.49820915836695,74.36819599842468
49335,75,392,80.34169612701926,68.77811696935588
49625,313,256,64.85137875182848,74.75686038443293
49822,268,51,77.56288187169011,57.67127440078926
45875,328,32,70.90803164703,74.66796748398076
46104,103,16,74.47765712636372,62.959212289288
46861,269,327,76.50830188746974,59.37536399320558
46862,236,1025,62.20337951614664,58.21120979005402
46864,62,152,76.1923596768706,57.90599647735518
46865,60,169,69.72314430322211,52.988451416597755
46866,67,266,86.93955936135518,65.29930045500127
46867,63,131,68.85488089378458,57.385869257965304
47318,343,118,72.7406833803841,65.84217347883694
47319,45,199,77.83581540824544,59.63821044676368
47320,172,47,63.18018468274622,66.12079250823024
47321,54,203,74.8001149895546,52.55332081781998
47322,50,332,63.57290432105441,57.0946580824162
47323,57,223,67.25546826057546,59.689763313105395
47324,218,294,72.28821807352408,56.32775776108884
47325,216,345,67.33860523174758,68.16510643166681
47326,139,344,69.28830913322729,69.74212556680251
47328,1007,77,67.88776020912992,62.97868679076072
47877,180,156,76.03362977003002,68.15256627481723
47878,24,150,75.06465342441422,62.14143561884547
47944,82,135,72.77773685772578,69.62528775143544
47945,85,285,69.21623615785444,69.6261387474481
47946,9,89,65.86360706447708,60.52546308236157
47947,13,168,64.19486406534821,61.383336365230306
47949,179,126,76.67969362922982,75.46814473669839
47951,348,79,71.71795865736034,62.13321647780744
47953,301,204,65.16360908714141,68.5252538869038
47956,750,121,78.7954476630597,68.91391974991188
48618,263,1213,72.0200654234445,60.80722034815929
48732,176,20,72.64659964566164,73.76314582899711
49132,257,175,71.16682392710433,67.41812008611879
49133,202,307,71.63326175262435,58.24535647351728
49134,215,256,62.22805164636165,63.6160901207812
49257,5,306,70.71850218909661,60.88531662558706
49336,235,190,79.1156124752712,68.7201287354973
49337,207,184,74.70670779480122,67.3052628625882
49338,315,244,75.06766551580478,66.67241502291837
49340,225,18,72.52335026582217,59.387378412812296
45876,31,125,73.1810061166643,53.713318155782616
45877,25,155,77.69198098481776,61.185483301947215
46105,304,255,58.72831031462965,66.22093792437387
46106,110,196,74.0725761321231,60.48117014603287
46107,277,250,69.75057907971876,61.71074639574671
46108,280,741,83.11014585439858,56.84973079042012
46406,49,290,77.24251497397701,59.49850687763608
47329,56,265,70.97082322158361,57.38939953131859
47330,115,70,76.32248280128485,70.29017545812322
47331,224,171,67.15021348157879,70.35098678041626
47332,308,158,59.51274085362086,77.9206172519124
47333,161,127,66.1803874736534,63.555531369623566
47334,262,163,58.906111565159684,56.24258615068964
47335,232,174,64.60636989690701,67.55412597011856
47336,117,74,73.73993143870484,72.5728441396525
47958,123,15,63.13652718940104,63.08821442089252
47959,219,300,80.80521543519393,61.295356697595714
47960,1112,228,73.8983944881281,69.19896025707106
47961,347,76,79.72017040764494,68.33726466496671
47962,337,311,77.14819450061437,64.19163049083751
47963,4,237,82.44892536639172,63.68903718200206
47964,316,73,71.14016280648153,66.10985645564956
47966,335,141,57.29995620571721,55.95463451849153
49179,227,159,64.94798627208128,62.128559324778344
49180,1212,205,57.73392279507402,62.50578121774774
49258,149,113,65.37361285551079,72.78322687083619
49342,185,239,64.31715668805514,54.7703159312534
49343,148,188,69.20818964381327,65.35893259340702
49626,278,310,76.5398274341452,52.05948924131489
50160,130,164,63.19270488701936,68.96671640970452
50161,282,324,67.54345664519613,70.94007684462625
45503,104,66,61.55714829859834,60.149899838752354
45504,101,64,64.60934641565788,60.0922045618945
45878,272,182,71.32175413099834,60.35799534790434
45879,271,145,74.989072904757,64.96982274326
45880,22,206,64.31083467356383,50.52492333031521
45881,29,333,74.97556059720995,61.75159007685332
45882,35,17,77.34540505536279,57.60050683781381
46109,248,72,70.45847518267843,55.5307879068562
46110,253,191,74.04956695366307,54.97066450626915
46111,102,166,75.06148767893734,52.45209649584359
46112,111,137,73.62380188237202,62.10960879473153
46113,114,301,78.03241073291187,54.28522874035681
46114,108,75,78.96000737770419,56.6232164315508
46398,58,201,76.43915432931514,47.640294027148315
46869,84,197,74.27662591977413,57.9695945743745
46871,40,233,71.0225980604962,70.4591190985426
46872,298,323,73.5102794747395,72.92712877661143
46873,61,264,78.94017015977789,53.60608565434177
47337,46,266,77.95715877757259,67.26747057741521
47338,129,52,66.66048779845859,68.93389078508324
47339,128,48,70.45662786069515,65.88990882409814
47340,70,308,73.9003373818312,58.96289756562584
47342,115,158,67.37038602462226,64.42135126860468
47343,220,341,71.09803892173719,62.61080777401132
47345,217,69,73.6506172424722,60.94977033128914
47346,221,392,68.3606097730305,59.577732820051416
47347,142,193,71.08792846589702,60.2368288517135
47348,200,258,58.69444342061054,60.89230723472325
47880,178,340,69.94358424562995,65.02016073653512
47881,11,41,66.31857362801115,55.266477068499405
47882,8,322,72.35186263663593,56.37910688245763
47883,6,320,78.21698399782255,64.12639709525021
47967,19,160,66.91140181993055,69.05504473701849
47968,211,285,75.86608139504465,65.1861389470747
47970,319,77,67.96671704067525,63.354373022071506
47976,249,750,78.97435777788016,66.75302885772979
48619,225,162,71.94490584274872,72.3552065428677
49137,136,234,86.72001522137077,72.37727641603067
49345,351,317,62.60854342284535,50.362711598592284
49347,157,238,70.85512103845788,71.95001189411633
49348,235,309,72.92872324573918,66.39987748035281
49800,51,190,74.28709269658997,59.806251160086504
45505,62,100,66.7097382353324,67.93001789473621
45506,94,65,73.77078495099302,64.78583952624233
45883,279,82,75.64821322185995,59.90202478330934
45884,34,348,69.56303198162868,63.04304510121406
45885,30,261,77.42353006325234,67.81137242580196
45886,21,83,77.42664456008065,54.68249689779126
45887,33,140,75.95862786413561,65.39826857464067
45888,23,198,72.61243412024001,47.166479512504395
45889,26,106,69.9417409289428,71.54654796503209
45890,27,43,75.20601119651623,59.645881296443804
46115,246,15,68.484734910555,56.592221719592715
46116,96,152,68.55094119121136,45.9814655758089
46117,92,20,74.4930147592447,60.12333180949404
46118,107,236,67.48666549178017,54.42506573908295
46119,105,124,72.24604389491058,58.87000316150211
46120,2,273,65.32950165581447,60.78293137227717
46121,274,281,68.83813397609059,60.194368952840094
46122,280,244,78.07520152457766,61.18532731429677
46123,268,97,68.85301502343266,65.1906844474863
46124,1007,251,60.29280543541005,61.854169349958404
46399,54,7,71.45507858418154,68.27051391961912
46407,254,212,68.92368139632636,60.193968100305256
46874,63,1213,68.9663723379811,46.366449169502275
46876,67,232,81.23982111775804,59.839097806955
46877,3,179,77.18533613264846,59.68850510368152
46878,59,170,69.84834262503077,55.92767251272021
47349,50,12,72.50803682111668,61.91861310700034
47350,53,14,62.88670240091519,52.99170085644911
47351,132,161,65.96191565676803,67.15107174162588
47352,218,44,58.43078651005599,64.4337465324672
47353,1,214,71.88530983969709,68.74337790768331
47356,135,146,75.8465661672953,69.0941707297574
47357,47,314,63.71532616879842,66.82635101911863
47358,116,343,66.30112814815476,61.0974264873748
47884,24,331,66.76435099920516,57.540632590445085
47885,304,320,71.52382511019002,78.52158767555568
47886,330,275,65.57316231844656,76.01424489815386
47982,328,284,70.02387738726415,66.6194892988493
47983,195,126,69.63449114333123,72.52398852215053
47986,210,187,77.92786342042523,62.25188170420585
47987,394,121,71.57181661082868,61.17892211661272
47988,71,339,66.4738604632304,68.47153243631847
48738,245,74,75.8415157447409,63.49557604610384
49140,169,257,66.26109911733931,62.76493484624565
49141,291,307,73.8202670303189,61.09987782170557
49142,313,256,64.98244784676274,73.94498632240881
49143,222,311,71.52200393621044,63.86807088871627
49349,177,199,70.93806996800444,58.023650382436344
49350,150,181,76.55373154542178,71.14165071325804
49792,174,165,67.71616243141982,62.23990172397234
45507,60,91,70.14732499158426,69.26440803489484
45891,28,95,59.61422012047809,66.622699958053
45892,25,1212,77.04488818307472,56.66486345480789
46125,45,255,61.38609917414271,58.79577127805767
46126,98,239,68.9291560029467,44.06259097094387
46127,109,334,68.15170245802446,70.75954416364515
46128,277,38,77.82122998476969,57.59062454976024
47214,134,89,72.51975742116765,53.54204455744269
47359,131,164,62.43185270892846,58.26299175886469
47360,174,165,65.09665261394754,60.32484845852692
47989,16,227,68.74292769289092,57.071250997628155
47990,154,4,63.59420973320769,71.05506957644162
47991,9,189,71.7516107118236,63.41187234683079
47992,178,310,73.30503271813396,51.88045570199364
47993,172,156,66.4270812882381,64.39596222856363
47994,10,88,79.3524432123262,61.28676163698788
47995,6,304,72.50285054206226,48.271617308135646
47996,316,184,62.906454962264846,66.7116055960348
47997,335,305,64.11069485781843,49.247931040510345
47998,336,208,77.53160052133718,66.75123629114879
47999,73,346,65.21803008396641,66.44742946376567
48620,168,263,67.76929764637116,62.00062346970883
48621,159,201,70.61913516595035,59.62832288892421
48622,265,125,65.54029629147335,60.771181837043095
49146,203,243,65.4867447053554,65.1274670464642
49181,260,176,71.82833621506634,64.2382709248675
49351,183,149,75.3478604874145,63.999477006357274
49352,351,148,61.520581955336205,63.776799263664834
49451,213,338,65.66281166909941,60.118303557145055
49794,276,314,82.8416762771295,66.6278163101269
45508,67,99,79.01253024051125,67.8005890556916
45893,32,186,75.9555725544258,60.37307398994087
45894,31,138,60.168294250532334,50.821406464520265
46129,248,295,65.65116180384679,60.0353388735468
46130,114,326,73.80936763106374,55.162829169799004
46131,112,362,72.85494282989268,56.48889857282224
46132,278,321,65.31903911808361,59.19413536403671
46133,101,283,59.220099257128325,62.745642271162936
46134,55,250,65.71707159799989,71.58522968512116
46135,270,240,70.15513595943767,60.97034427205578
46136,267,217,57.679106526668456,57.76858486347582
46408,166,191,59.43920778584729,60.73086580481663
46879,282,323,66.15815294521353,60.51414268289007
46881,64,225,70.2003637823367,56.926198675944086
46882,142,215,58.680131340022136,64.38300777105916
46883,129,49,65.4423310903229,68.27901697527739
46884,65,229,87.04313347931233,64.4629797590245
46885,61,120,67.98523878122268,52.53633183521433
46886,5,209,62.204262212370175,70.57461778783725
47215,11,242,59.079230056998476,53.177364523251356
47216,46,13,67.69389709673752,60.01924764416615
47362,147,332,64.91742116249154,63.886904155311186
47363,221,340,57.17347851542494,58.73032456570998
47364,163,12,68.46814374501058,63.77168774447578
48000,145,231,81.54139483489962,71.30742259181027
48001,286,127,59.41434343650789,55.806910976493356
48002,204,301,63.40423382563212,53.579217477703324
48003,130,71,62.97639306135313,58.34043415705108
48004,68,1112,64.45110776793055,59.24644506755563
48005,247,750,83.40155317608428,60.150473721675205
48007,249,394,69.22762575822895,60.27199263921603
48008,292,350,78.5504223989255,67.3084051621812
48623,234,200,67.65470724029252,64.68726239932718
49148,182,136,73.25619894662867,75.4124033116878
49149,259,18,69.2358294903549,55.700947310088125
49182,205,235,64.62468970956496,53.629905078753765
49260,52,202,60.770489253700504,57.151907669553474
49261,324,137,67.10796649312302,66.95036655104542
49313,104,185,65.45082098807212,53.56584914327841
49353,333,817,64.17727524035209,62.14453852203738
49452,309,289,71.20565149253328,77.7268138354874
49519,222,128,66.04071403123118,65.64749323283128
49803,268,190,81.78079505723608,50.49773896593408
50164,45,28,63.57757637221055,60.01918481604882
50165,255,95,59.87363855182028,66.16353974523362
45509,97,58,59.860959195630805,56.91035322606412
45510,59,93,64.68975131156331,65.76604713240391
45511,41,173,64.02120600786863,69.17059379186338
45512,298,175,63.46181818629958,67.78830250811167
45895,272,257,69.29602897209769,59.19757201342608
45896,279,304,70.2799835506836,49.09938118703351
45897,34,57,67.7549035906855,62.76235750345277
45898,29,271,63.128236089890294,63.864453481188455
45899,26,133,76.55175985315667,60.2726804043183
45900,22,108,56.38937447821295,58.94890738678877
45901,25,40,77.22968731769416,61.50377599266375
45902,27,1025,64.47616038993651,53.09487756793769
45903,35,56,60.136561644347324,57.884992105259386
46137,246,226,66.98128331375804,51.78694018906855
46138,251,305,62.868171972959146,54.37409265310713
46139,2,103,57.31807467016289,59.20147044771761
46140,100,315,68.26396490552006,59.25550006676793
46141,104,185,66.21060709619843,54.32337037831076
46142,107,161,65.34079578087872,55.64769011426396
46143,105,330,66.06265712282219,52.957635863374726
46144,106,78,82.92463381754125,66.47580921981604
46145,273,236,61.183626460705554,50.65290987623309
46146,274,241,68.97868400915743,53.55955152023167
46147,253,102,62.23690564252599,59.790316790093215
46409,87,290,74.60950275935225,59.863545276358956
46410,254,122,69.75325804028857,56.32857051688117
46887,199,348,59.05596315409156,65.72773023432504
46888,15,167,59.55488643152742,60.753149544377386
46890,84,143,74.81394087847895,55.70281851412191
46891,343,62,63.94160761673021,64.90852770207252
46892,211,179,74.67668552365154,64.60055703102786
46893,219,195,70.86561605954813,58.02798703243707
46894,233,1024,65.07454060876614,60.66413145309376
46895,8,113,55.77695953138255,61.78457939465537
46896,3,124,70.20871432535684,54.84058404639818
46897,341,66,63.09947736548198,64.97301484433281
47365,48,193,67.46852195100115,58.128511094626454
47366,51,261,59.461908464908355,62.60056908591286
47367,244,224,72.11265076049405,63.69171010711122
47368,218,85,68.92224494938444,60.78466824869611
47369,325,216,64.45290624762723,67.06912714716233
47370,146,329,67.95011684458633,61.99550430181596
47371,258,1007,58.73338337387706,53.2256435480077
47372,118,327,70.02594881012237,63.75735288510231
47373,79,119,61.15105027627009,67.59304618243816
48009,333,1112,66.94464263498094,63.04185176868273
48010,156,310,70.00504493971918,55.22580483525247
48011,43,81,73.08804794925956,73.88257001612558
48012,19,266,67.83697437393694,62.988647763351125
48013,285,83,61.32402389044685,54.76998571134744
48014,741,303,64.66268330217709,64.33262799344435
48015,299,287,74.09754390462211,74.43854007851387
48016,80,392,78.75717841779074,69.24311491853946
48017,328,237,73.84231044376249,67.29675157301516
48018,300,42,69.71886795573593,74.38842809478784
48019,331,90,62.34540697670784,57.63467958906875
48020,275,238,78.58095273671381,62.32373030054954
48021,293,188,69.64969621738778,71.17445090132675
48022,72,319,62.92743607878076,63.796007735179934
48023,345,312,73.00031202819405,58.16908365702009
48024,339,123,65.27234652767127,63.373302736351796
48743,68,817,64.88942693207665,58.16309615898824
48744,17,159,65.71240960866825,64.38230153819967
49183,223,170,56.98328724596452,57.07457033405445
49355,308,396,57.80060264553368,61.69490747917269
50167,31,101,55.19960651286024,51.74832164553693
50168,138,283,59.99460293619852,69.55598859432524
50169,129,217,63.124153405410254,66.25693464706652
50170,49,267,61.0096405353004,61.029784749964676
50171,270,250,62.93106606281023,60.13899155221466
50172,240,55,74.14848781699403,75.24538340275936
50173,5,142,64.24300551528216,64.85881094079626
50174,209,215,65.69127162087396,64.13920629909857
45513,173,298,77.48849010750742,70.23944242820195
45514,175,41,60.91076742210866,58.37661800506704
45904,30,131,70.78094631312693,57.72948954953381
45905,33,130,69.44466056031416,54.97026264833948
45906,23,63,62.032779239557904,60.4296960458862
46148,54,92,63.837074478805,62.3484120576246
46411,290,244,65.61326894404866,70.35938592755643
46898,47,181,68.37731669374575,60.267665125363244
46899,191,309,64.05023436170154,58.561932152274565
46900,64,288,71.82790190075421,58.94989602648873
47374,293,329,64.89557574399568,65.96127584590539
47375,337,116,63.465551978029595,62.181502386223784
47376,53,264,62.90500061515146,53.60630310773409
47377,44,230,74.7465709915304,56.78850153585627
47378,87,224,77.33411190425778,58.937511364127786
47379,232,266,59.08937262601811,60.7900360342146
47381,214,344,75.14743514930167,71.23077585873136
47382,146,188,73.70828968293213,67.96096496903537
47383,1007,155,63.31462949639727,65.91574794408508
48025,208,135,71.71601491505183,68.13348961206927
48028,284,82,64.98871727387541,63.41784648588052
48029,148,294,64.72267158590142,55.33505226570242
48030,1112,817,60.01052607270418,61.71971349612093
48031,178,351,65.36814994596243,50.86384704322385
48032,1,203,64.73194007105964,49.29098637160373
48033,125,263,64.9383724900938,62.382386101669546
48034,196,83,59.76564750947527,61.7309397337174
48035,287,303,72.13100708997766,63.155523284795116
48036,299,741,76.3121885728301,67.61534690884203
48037,80,237,79.30761330902855,74.62134215586346
48038,328,392,74.15071838529899,62.817486180642724
48039,300,90,63.31472121435025,68.16891395042182
48040,331,42,69.70185565620801,64.17790709915882
48041,210,243,75.62889173449587,61.23207007328626
48042,73,750,63.663021862220106,67.6591281895445
48043,340,347,68.13020700507946,63.577283522810745
48044,335,128,60.03375729016388,49.958434810778016
48045,336,302,73.37578854926227,59.80947100585243
48624,136,200,80.38624884977521,66.7124588626645
48625,141,213,60.86470446021385,53.96241076638586
48626,39,265,59.588394632044455,58.85677370688246
48713,264,1213,60.05170506575336,56.065422147930285
48714,53,157,62.73408817218835,56.95131695039615
48745,252,76,73.41541683169251,65.93586786748592
48746,68,333,69.06298894328695,63.97940656767466
48747,140,231,78.54769185745589,76.73792897903714
48748,20,227,65.24136980496974,57.14296391525144
49188,176,160,61.30635089181235,66.15957043898267
49358,149,187,70.96665391411692,62.31777673044826
49359,75,222,66.82924073915369,61.31944865843661
49453,314,291,67.59291050258129,63.83131093404387
49804,36,190,72.11159569690625,60.96616617969016
50034,228,169,58.11611929039685,56.91916236754814
50179,179,195,71.38386428295723,67.42492812425996
50187,56,233,62.229343571459296,60.21063267226557
45907,28,311,63.522141439845264,49.01698258704043
45908,21,126,78.9895989883276,60.53179018983579
46149,99,310,70.51056734391946,49.34736691381824
46150,95,180,68.34607723938534,55.58988867773808
46151,182,93,56.29514926989229,75.44305485718299
46152,110,151,69.97387030012014,56.201907654622744
46153,280,308,69.46810683615323,44.486210001107004
46412,224,290,68.33305532515529,71.97422877032812
46901,234,282,61.46687576111496,62.69575669668081
46902,60,223,68.92140797977017,52.89056677602494
46903,3,201,74.3196059192375,45.776990943651455
46904,323,306,66.21555780858955,61.88392918714214
47385,188,329,65.63075416193347,65.14925419252245
47386,7,45,64.45102688561876,57.42491728871072
47387,19,232,65.93167980952812,59.599915083718635
47388,164,168,60.697926540072814,55.62770425785838
47389,258,155,60.29920644565341,57.231976656781
48046,245,6,58.104761890828634,57.393808009207305
48047,71,74,55.202822884493706,62.637511054725074
48048,122,226,63.85050420890226,61.38141512886358
48049,86,263,64.0185251762297,63.2766592328489
48050,285,196,69.65449794226888,60.85530736797436
48051,287,741,72.99704068125652,64.07021839874996
48052,299,303,76.9033030109213,68.07740303730485
48053,87,244,72.42738519802337,62.323446245588414
48054,392,237,72.07550171794102,77.0765267438368
48055,328,80,73.05652342010829,71.21292901481559
48056,42,90,67.22443554004961,67.64876748651808
48057,331,300,71.5289726446643,61.31377243429729
48059,241,313,74.38929188573961,70.53775374806155
48749,14,259,58.67213943508315,60.329437169052525
49454,289,304,74.78063350396724,62.29343487814803
49824,268,334,68.09379561030708,70.12899511165912
50175,62,57,68.1742106708552,66.29047588147455
50176,343,34,62.8321232970313,66.88440740090172
50177,129,31,54.59852302902606,62.075539877321674
50178,217,101,50.68735663967472,51.2910595165948
50180,219,211,65.68417271608757,66.06967625190374
50181,5,240,62.52025148377913,62.71847522254075
50182,142,55,66.80608584232094,67.37427154447913
50184,348,152,63.54169181810893,50.52786507344842
50185,267,283,59.26237758644594,63.61546613680219
50186,49,138,58.389415184615125,53.627099136423396
50188,35,1024,66.04594999459198,57.85848609378564
50189,209,270,61.68772837030636,62.94867194130197
50190,215,250,55.237070732463245,55.27611780847762
50191,22,102,58.05842673405085,57.24781801532338
50192,113,66,63.92165821949106,58.32812979700536
50193,108,253,63.93288257210296,62.697319239466005
50194,8,341,64.72774657705,63.392351764641965
50195,63,54,60.977362441538034,63.222877931271725
50196,23,92,64.05201562184783,63.20600548113404
45909,46,272,58.190675270196515,60.53381481872495
45910,29,284,68.73149310413552,57.73397266231661
45911,26,1025,67.80105981267057,50.455654698064585
45912,32,248,63.62047754085591,61.02373896376148
45913,30,52,67.5869511091513,62.10831744105576
45914,27,262,61.48983348388261,49.11249770062331
46154,251,332,52.969573034605666,48.36590693269478
46155,104,394,56.154534394808834,53.40861521711284
46156,91,316,78.17368325258535,54.1696225657854
46157,109,79,63.729734676723936,47.72922427743368
46158,111,61,58.622010679241384,57.7265001493081
46159,50,112,58.94093408185333,61.39667526743973
46160,278,65,56.83235007007245,58.50947979521463
46161,212,98,59.712702381923044,66.02707105604698
46162,4,247,65.19004903574381,70.40771389941322
46413,261,166,64.60628843199616,52.21663426997543
46905,269,204,64.50147415609719,54.34194281071019
46906,144,177,69.02030086719832,65.73253239948008
46907,10,216,69.66276683213415,64.00833904087476
46908,38,154,69.34833350197094,68.40938846731135
46910,2,67,60.415933950026435,62.84553451666355
47217,202,345,56.0395557262398,57.65954274385061
47218,338,206,69.48466520973159,66.60367231359129
47220,235,121,67.17843981950944,64.86452558392483
47221,185,85,62.880752880244366,66.68341265107135
47222,362,183,59.429870020747856,72.80088913191166
47223,13,242,56.28893182620423,58.47702051802778
47224,207,9,69.0286560146277,62.762297980533404
47225,89,257,60.16335961696937,61.16567788921195
47226,276,24,70.8925605264522,61.73035660994911
47227,325,132,59.18345187309823,61.50894485835349
47228,11,134,55.09709961251449,63.95367101464025
47390,53,157,64.62338736900554,58.83664575292541
47391,221,43,59.55679047635774,55.00718895308413
47392,146,293,73.16433148243107,62.31738805691901
47394,119,189,77.81775135880525,60.87476874044191
48060,137,326,75.20714236304364,63.607988562192524
48061,350,322,71.35635179020177,69.4729547605505
48062,70,256,58.08655525891916,66.28214981263429
48715,53,264,64.76547385029616,55.46028767428183
49153,136,351,75.4241569292815,60.81644484244865
49155,88,192,68.91725852880263,64.53497827107815
49156,296,150,73.08653412571853,67.82630931794701
49157,120,69,65.39541597121803,62.74052941428152
49190,1213,157,57.68719300566327,65.39253609587027
49361,225,260,61.57434954940988,59.518552549610106
49825,51,36,65.24490466414127,59.422615889253294
50121,218,205,51.49405668978881,52.69526183655319
50197,56,179,62.95184719937118,57.69630094007289
50198,233,195,65.55053437887845,58.530316865914656
50200,35,219,57.560759895644814,58.75107223567284
50201,1024,211,56.3717485684029,65.93411547412974
45915,28,224,67.14046871772695,48.33731872089069
45916,210,279,57.321224890385736,64.39182454458707
45917,25,181,73.91048818181294,56.02819685095251
46163,255,312,67.36469332357333,53.09935984937565
46164,103,173,64.65302122048013,52.75737694572089
46165,100,84,58.15370690968014,59.81861111959045
46911,47,1212,62.63105258362576,54.356284762497
46912,295,186,67.47239840011326,60.79483231780207
46913,187,315,62.631574966391454,69.72160175841879
46914,321,229,77.44422608422417,66.50188292833421
46915,82,143,67.04323693848154,57.67921233223733
47219,218,205,52.28865014228031,53.490228139045094
47229,350,79,66.01027210849011,67.02028488862841
47395,118,77,63.01342992424344,59.95287468385648
47396,48,1007,61.12024101252427,54.715194458357765
47397,158,15,56.95083177986572,53.6915807458629
47398,220,320,72.88374939346738,66.7780820912206
47399,147,313,77.10099613389151,71.72600426660517
47400,139,307,68.81610171266499,59.65972232241134
47401,53,1213,54.9171481349126,42.475387649130354
47402,266,161,52.57220622656327,56.55937698153285
48063,286,19,67.3077088194471,56.02916939332276
48066,339,226,61.6088781311025,59.52533236616228
48067,1,324,62.81775306367494,57.21829730074854
48068,292,346,64.20292940529278,62.37924542448981
48069,327,241,72.29621741589455,67.08804106500082
48627,127,200,61.543970087996655,47.62894089717483
48716,264,157,62.208181789908274,65.74414402078087
48717,162,172,74.21462939417984,65.11898525341448
48751,227,39,57.79656750926822,54.086820181524615
49158,189,396,69.59976210101921,69.36834165165362
49159,238,130,63.02650323288796,53.40220209114278
49162,69,296,69.14893869669447,75.12939649330099
49164,150,120,63.281825870142356,65.18413986612445
49191,193,176,62.23484850151578,57.82240510613533
50203,144,204,71.11202973062994,61.9102431091462
50204,177,269,59.71094474446466,64.09570591584924
50205,345,206,66.42401261725021,62.70988206584528
50206,257,242,61.66664999077303,64.00822649860572
50207,202,338,61.176497500915794,61.81493513172415
50208,89,13,56.330688605571,57.37725593160966
50209,207,362,72.83841537731232,62.09325662120787
50210,9,183,61.90296807297208,70.74823809937875
50211,24,111,56.44446328002567,62.73883829649962
50212,276,61,68.29307775129224,64.8379252783314
50215,154,325,64.70485374579835,61.94119410950851
50216,38,132,68.13457980213721,66.71272481730465
50217,50,10,61.4740286006019,65.62970091349365
50218,112,216,67.02125414666097,63.138342404865895
50219,272,134,58.29767052448099,66.0406146593272
50220,46,11,57.844732390289934,58.97565996975557
50221,67,30,68.72685166433337,69.24440584795806
50222,2,52,57.76101917803697,56.01542799458337
50223,4,98,62.203953413863225,63.16658744528626
50224,247,212,75.25558825157225,64.20776494738969
45918,34,190,65.6000477839406,48.359682072581826
45919,23,228,67.9908411226913,51.83895420694722
45920,106,33,70.9507842781407,60.7017080318708
46166,253,337,66.77108930658989,50.49835470097878
46167,95,306,68.06089186885728,49.63376327360851
46168,93,323,69.34238855646538,48.93341066191516
46169,273,335,49.494842939846755,51.290205863798555
46170,280,81,72.53529581206674,61.917192015541566
46171,96,44,55.55837221489871,58.13906475486114
46172,108,299,73.18530084343394,47.78695356053724
46173,336,246,58.39083654901577,61.5721421129168
46174,277,64,67.65562622857074,56.812446448002454
46917,282,331,53.17549866110068,51.317436996913806
46918,281,40,73.15489221837316,65.92148628217262
46919,62,265,60.89550231797566,52.18078075428334
46920,63,817,55.27111756291264,43.55110095279714
46921,119,396,76.13441543169596,59.352052187797874
47231,249,213,57.144193640686105,57.85315202048488
47404,51,311,62.46421368018512,51.01254282007825
47405,221,308,54.69860314027222,41.66468089141391
47406,139,346,68.03610480698917,60.39244696255105
47408,232,17,57.9159656795244,54.50866017348368
47409,163,16,61.350227146273994,61.7901901700345
48071,151,1112,57.818621420167375,53.947433501226236
48073,122,73,64.96704562910617,55.59454654317266
48074,129,178,56.30224302086876,57.72429881154384
48075,156,351,60.77815328281394,52.458985664506955
48076,140,12,70.65384029079055,64.19099768278465
48077,125,86,59.12256165138569,57.53215409433352
48078,292,307,66.20859619962343,63.092625310848305
48079,8,203,57.656748127240625,43.575280798394886
48080,317,319,50.891278978381436,64.45599778874919
48082,343,199,62.9062996835463,55.24672590362983
48752,741,72,54.718757925952076,55.73156729441019
48753,20,159,63.38447827839292,56.279453470440885
48754,90,37,54.38911305720304,56.96808359421717
48755,69,150,71.96174353545626,72.83401288826889
49194,296,120,67.16961287441292,64.16439469261212
49629,309,137,58.34614757316643,66.09648286050978
49946,289,148,73.45289679661985,63.75188166095536
49947,268,36,71.12604523209167,51.73279125594894
50213,185,121,65.7672529304241,65.37543404456598
50214,85,235,69.53375116326961,67.60735596725974
50225,218,104,55.540029700594,55.81920125471096
50227,65,32,67.88992274871316,67.48596431701124
50228,278,248,56.6524972064959,55.35951809941892
50229,154,183,66.92604549454803,74.6619625672349
50230,325,9,59.689069946784365,61.835217675984296
50231,229,186,69.54797110189328,72.58871421896845
50232,321,295,66.87643901067183,66.19269981839547
50233,82,187,67.96615364004055,60.45785964641485
50234,143,315,61.430447801136815,70.41702780684598
50235,50,204,60.01389263903655,56.44619587516364
50236,10,144,73.07832299166958,74.7152541939597
50237,98,111,60.649980674797,62.990772227404214
50238,4,24,63.546174713262126,60.583925168275854
50239,132,207,66.01162588316504,71.78880106935183
50240,38,362,70.80218211620898,64.73145493259804
50241,216,177,62.33353345134086,65.81443954595863
50242,112,269,62.45501588082366,66.8986341844664
50243,84,210,62.68103807969569,59.91397007419988
50244,100,279,56.97249041804304,62.893930534409684
50245,247,61,68.67135761203951,66.0606501660016
50246,212,276,64.7162724459935,76.55995630353353
45921,340,21,55.620837795037126,70.32903691257546
45922,26,252,68.1635703626489,54.73502574741402
45923,59,271,62.382716003697006,64.64306078814565
46175,107,94,61.18386952186561,66.89320227172567
46176,105,99,62.19500298339534,55.69999702558283
46177,254,274,55.97150564507736,55.45689722710112
46178,58,110,58.21490670298735,52.512944058149095
46414,245,3,57.6312702717361,56.718818839289014
46415,97,275,65.84518102746149,66.04367162327162
46922,7,60,63.666432392371654,62.498470872123626
47232,168,29,51.25482283374354,60.74167748066559
47410,160,263,63.16793607982787,56.8863837466942
47411,131,171,63.62783047204445,59.86243544544578
48083,288,319,62.2510632464084,64.08861783106822
49948,334,76,89.55512763589859,58.66695495396297
50226,205,394,56.127153342033665,48.82777877753022
50247,106,96,66.40654057692491,60.49189527592884
50248,246,277,60.00096342941363,63.905024650271116
50249,33,44,57.38081491492717,63.93460105105204
50250,336,64,63.85023725632936,59.912517732695335
50251,273,213,56.237845904784365,56.93106847874585
45924,31,88,64.99647998999978,48.22930477444079
45925,22,193,60.80098638223903,42.03532160569811
45926,28,125,58.601382557364374,47.59722803844115
45927,47,25,48.47729618885166,56.9701876664468
45928,29,168,61.61215119578167,52.12292386771028
45929,91,27,63.743938231350285,58.20955875177781
46179,101,266,52.249960112881865,39.94563453112633
46180,92,200,62.148701110455384,44.50562502931868
46181,93,306,74.18338450945292,52.41032362446654
46182,102,741,68.32804816224369,42.555722085021074
46183,66,270,53.371433831321355,53.682038427866075
46184,267,43,61.08824288624594,49.969352077016055
46185,114,251,57.21438106390626,47.41204531116292
46416,334,76,90.5332501899225,59.63818173582007
46417,166,162,61.38840078149458,63.53483441113439
46923,343,1025,58.158701676029885,52.91073774331303
46924,262,305,57.00438260613285,56.93526122244901
46925,184,15,57.094243501014965,58.64178815994373
46926,316,326,59.76580624355707,63.92813593855976
46927,124,208,68.40761125643644,70.56010002966174
46928,222,141,51.348749499536126,63.550051756388164
46929,117,149,69.86721506118526,67.47838714569305
47412,332,78,63.201673733109494,66.94359991245568
47413,115,77,59.98084882614207,54.65918464639618
47414,294,165,58.70235440067505,65.17672285832549
47415,147,312,70.30443532975124,64.01097770391819
47416,139,292,65.86376892977424,59.746437244766064
47417,133,261,64.04042798464393,65.609959333392
47418,164,209,55.1802890927336,59.3455004878148
47419,161,18,66.54739359201291,49.92531102403477
47420,214,238,74.96436628496568,65.81151973865427
48085,135,128,63.07130276753417,60.53524939837553
48086,327,313,71.0260463634388,65.99080417021736
48087,71,750,55.758474812494704,58.30606271819491
48088,339,73,67.3646618594539,58.000176718132344
48089,11,228,58.060429456674676,49.27607722914386
48090,140,70,66.89107762017007,63.77423111042457
48091,346,307,59.59669945796811,58.52788753187243
48092,180,239,66.41587776109291,51.101794333137796
49195,203,330,53.765819238280386,60.84291928797353
49197,49,338,56.56023721966777,53.12481754766281
49264,113,5,60.173972978415016,46.90948196475718
49365,317,288,50.59667631792377,62.0265606720142
49366,230,284,65.2885116718498,66.98243613177256
49458,289,137,77.48750194907988,74.65187104863595
49520,70,12,66.94280113680432,63.6953727635848
49826,148,314,56.96405415774699,62.71857660950455
49827,127,170,53.493611844804065,50.50700351039469
49828,74,286,58.05157493031879,58.72712296071817
49829,302,116,63.48643131690982,66.58694394699674
50038,291,174,69.32115794892908,65.32328691471163
50252,335,249,55.95666593760322,51.00496921293224
50255,271,252,72.18696910463026,58.79879889342003
50256,274,168,60.41232473269356,50.733176199849034
50257,246,96,61.95731728755248,59.623828571710504
50258,254,29,58.56753917603659,57.21345046361881
50259,58,340,60.956772743702956,50.77741530609793
50260,59,26,59.942368542678004,62.47028958406736
50261,336,44,57.627054823071916,61.049828830321495
50262,7,99,69.49589081422018,61.91604001657999
50263,277,106,66.58337992226508,66.20074952562669
50264,60,105,57.780741010544496,58.34671713459693
50265,64,33,64.68413199131496,65.32933343464812
50266,110,21,59.511889697660926,69.19742681261145
50267,275,3,62.18863584269795,60.776397324721664
50268,97,245,63.260162726621814,63.0385113173123
50269,76,107,60.32342831933585,73.35300861606265
50270,334,94,75.95393700048217,69.76462020480858
45930,34,189,66.50689241379204,52.733835860371094
45931,30,231,76.66622811590882,65.72487904051012
45932,32,396,67.75004107990169,52.08494639262325
46186,248,1112,52.91424973387488,42.175688120465786
46187,103,232,57.541408593888164,40.800501608278275
46188,109,350,74.06837853254619,49.031146097890456
46189,280,293,66.70482243479705,48.7140839160879
46930,182,323,62.11770949737084,57.91061289079996
46931,181,1212,67.14403588575757,62.67520495467184
46932,84,201,66.77908059773245,46.048352921122515
46933,62,19,60.386493607620984,51.616482203560935
46934,67,175,62.044205744819884,49.25230165755279
46935,63,159,57.1600608276567,42.9016384170954
46936,298,301,67.28809220045054,63.793946652368966
46938,65,351,58.90668215951427,41.29133876641939
47422,151,118,63.18965343676235,63.97492768167671
47423,45,42,63.6399636937289,51.21730468955988
47424,57,20,63.5645823550971,58.16832022712635
47425,48,14,65.06526147307909,54.8794459707087
47426,341,167,65.25198014399861,66.78054184063608
47428,217,308,54.45564237625234,35.36261642598131
47430,142,89,54.045164763531936,46.819681310776176
47431,258,226,49.355847254805646,45.841035998653396
47432,18,133,61.77536999394099,75.55565231049485
47433,161,261,56.60842296419328,55.70287756936234
47435,75,238,64.45247295491102,65.62686921933543
48094,135,291,66.6656494542746,67.50497833372236
48095,80,287,65.97897751369528,59.126447359126495
48097,13,145,57.08644352309326,63.90402469484994
48099,138,9,51.079767913888425,45.68304799653416
48100,750,123,61.164400924712005,62.934799343560734
48101,215,348,55.85887508406872,49.316960088865365
48102,345,337,59.24731228247681,51.48268315369809
48103,6,178,60.252044092518574,45.67804425533866
48104,188,156,58.73793358442376,54.885238228541176
48105,239,311,50.927872683346074,54.89223442315258
48106,72,192,58.34860044052257,58.390331714374945
48107,81,321,66.69026011718611,64.84615207058961
48108,210,817,53.66409992931848,44.023466942483786
48109,362,244,51.90306952301064,51.72525069677963
48110,394,185,61.14383309276863,52.24852190178451
48628,225,265,54.99972237780401,51.79311996468512
48756,196,83,56.063511865645324,54.630218210790915
49198,259,243,66.49497342417068,64.62818537749423
49199,203,230,58.564501778550984,63.89194856590222
49200,211,324,62.64534625110192,53.60261110041522
49201,136,236,64.95748586956086,58.939944690982635
49202,144,190,68.87289596790265,49.40829406203557
49203,257,176,62.30637518457459,55.89197757894803
49204,286,128,60.24882183902464,56.68661853791943
49205,152,157,54.13455210742011,56.83711171615457
49206,281,240,67.46893041712316,60.563113911096664
49265,202,1024,54.77848471042005,47.1842833284453
49367,206,186,65.12059989498522,55.747832288218625
49368,322,155,61.05457431605865,63.177324842355304
49631,330,127,55.11463845417883,58.46206941297535
49807,197,83,60.227066243854324,58.58132084258208
49830,314,126,66.42726308471507,65.59685178337159
49831,174,74,63.408033374762084,67.00741813204618
49832,284,170,57.331359241497374,58.003751678090396
49949,242,195,55.39217914700297,49.632582929195024
50253,263,171,65.99550883998236,66.72248407750043
50254,160,131,60.061313989906914,58.50160678904713
50272,326,262,61.47712430761675,61.483444807924116
50273,208,184,73.64607370678928,71.65890612900878
50274,316,305,57.153685658135316,61.368440920358154
50275,124,15,55.924277858402526,57.63661227382925
50280,149,222,61.85207501983823,59.483190122165276
50282,117,141,63.03823927918489,72.11351087768307
50283,344,116,71.57325551298489,68.5938484442308
50288,251,27,47.7676963103543,51.9659835458903
50289,114,91,65.98310024836955,65.46748477789878
50290,77,78,63.802319500761065,70.84021656781456
50291,115,332,58.11316364394501,55.92307599706919
45933,272,282,53.91732089012674,46.75780976514416
45934,279,54,58.083470425468896,53.37789001246235
45935,8,23,49.92461110856717,50.551717604560025
45936,35,50,52.9101405771398,45.61727603239954
46190,253,1025,60.59420504984042,45.13886980297518
46191,250,158,57.49606672591831,51.238282132537734
46192,255,307,58.64393552367518,45.64469403349323
46420,260,166,62.139319792529434,56.805581277397785
46939,269,285,59.31624819643729,50.517717258838736
46940,298,72,64.3633026492094,60.83779921020155
47436,118,259,65.05525018859662,59.411238435170034
47437,187,1007,55.185663842656766,54.649227445910256
47438,169,224,57.4390729818945,46.12328085239567
47439,53,164,50.3163777984048,49.24452380078303
47440,147,165,67.32780064299146,64.94447540920729
47441,221,68,47.83927722928439,47.91030013083988
47442,18,261,54.00387835811947,69.60150852828252
47443,163,17,61.54650448117718,53.34591955418863
47444,161,133,64.55392795622383,61.86646469694497
47446,214,75,77.46509739711436,66.77700078374684
48111,135,74,63.62014766766359,64.17552930980791
48112,16,1213,60.16456887029942,44.74638434129615
48113,71,123,56.77507859559705,60.72256664582665
48115,328,233,53.28131983194879,53.521788317220114
48116,2,132,55.354489368157445,45.04669935805174
48117,1,303,65.07287000358495,47.465454500049866
48118,12,70,61.503236517162264,65.22185070844859
48119,180,311,66.52518897604021,54.32087475104293
48120,301,192,61.35285838332989,61.234940154807134
48121,312,294,66.70128311563934,63.45517455995966
48757,39,223,55.77310637259271,55.77883833627169
48759,90,41,54.41318055124263,48.88622497915642
48760,130,86,52.19553149829978,51.34701064024881
48761,79,296,52.7113150188705,54.995814479180915
49208,154,234,63.29409815050923,56.281493732348224
49209,151,259,60.64447153040501,59.24417833620644
49210,203,170,48.384254169067496,55.77200102212916
49211,243,118,67.15947666095042,71.54672466025711
49212,179,172,63.567973271295806,56.48410203471742
49213,174,128,63.750249012917294,64.22139746835282
49266,113,313,70.80668013218857,53.1444577833482
49370,230,330,67.59999970506254,69.72241297238489
49521,140,70,64.7094353991694,62.2615765183639
49833,148,126,56.99752128857744,62.50982280111497
49834,127,284,57.159545414914746,53.38521824572685
49835,286,291,62.673475985889056,62.214236037863856
50276,7,254,65.52190344689414,63.71368634412709
50277,105,274,56.74508576500908,55.13239152265655
50278,60,168,65.18471481918903,53.94206646277148
50279,99,29,58.805617141233206,62.95041232493409
50284,76,252,68.45754772063871,71.99168748298563
50285,107,271,61.877195089523575,66.60332424138883
50286,275,21,69.25845530019745,73.10814585600001
50287,3,110,59.44283850911743,54.91208533958673
50293,97,340,67.14556036349796,56.55506252969977
50294,245,58,58.54255846284724,59.09658504731994
50295,94,26,64.53522373259572,63.652586044689336
50296,334,59,76.9584675652394,66.82590715217349
50297,149,208,67.73535872909238,71.050667788147
50298,222,184,62.07067481257797,65.61467630521084
50299,117,15,59.960550035906756,60.631313044347344
50300,141,124,67.83858948429678,58.45378166269451
45515,100,28,50.16509694129582,45.70761631918769
45516,31,104,50.02677489257848,41.59857599931434
46193,106,304,65.66109787386208,43.030575823243964
47447,243,118,68.94563654597408,69.69914330324313
47448,312,165,62.99051906529209,66.63140579597886
47449,216,295,56.30679111228684,54.33659271972647
47450,147,294,71.03866361451735,61.82406002028314
48122,278,316,58.35227549531292,44.56987139649117
48123,249,347,65.65403021853044,58.945893463033336
48124,10,326,65.93787711917507,54.86190526116405
48125,241,299,62.07136694492905,56.276753106405515
48127,339,122,61.819054660058,58.38683916815648
49216,118,259,63.37235288301616,61.0617878300084
49217,176,159,56.32879706093188,53.75840699213878
49371,151,243,68.70743726507453,65.28764351230627
49459,276,333,68.69107362159062,51.05805305263423
45517,65,108,52.23509679660622,56.97898180904476
45518,91,32,71.20175445522416,61.14168703899161
45519,96,34,59.27543545226575,51.01201914047339
45520,95,22,49.687116131551655,49.605539170259426
45521,27,101,49.95014803543049,45.635979573694655
45522,24,92,51.52684627014878,51.274144660011515
45523,102,30,63.36706589115427,56.111585398459546
46194,202,280,52.28635814525662,52.678896854777264
46195,268,1025,63.05466340989126,46.39824620118891
46421,89,290,55.72631066243107,49.41031637330326
46422,331,283,51.26460871560973,57.1541098939893
46941,182,306,64.86071356221706,59.89934545929536
46942,6,191,62.66853376519163,45.77249597996671
46943,67,229,73.12643841819424,53.035210861769194
47451,212,116,57.36294675406728,54.80487305155477
47452,11,55,56.356873283181656,52.875258650513615
47453,51,119,52.38196765213889,54.897186991979645
47454,49,142,56.6237354585497,50.14259074796941
47455,232,163,48.934114018859475,50.51788235697209
48128,9,190,55.69688120724622,46.41509386691874
48129,265,13,52.53976691159411,50.48622291274316
48131,129,138,50.76199543825132,49.233694103029784
48132,143,68,52.86374090172811,57.22324818721627
48133,362,72,53.47603766756477,50.4644194441406
48134,345,307,58.50218260515821,46.460458521486814
48763,197,80,67.24834840815575,67.50773641314096
49373,1024,69,57.05787679575803,52.601779544691645
49374,215,121,61.07130894218037,47.08432771122376
49522,33,125,65.10235777490456,51.677449714250145
45524,64,112,56.01126973865609,52.36215849767223
45525,111,62,56.93015754587074,44.37664501146894
45526,114,63,58.80219538918317,49.12750564385527
45527,99,35,58.127690159607795,57.508401270638345
45528,25,97,60.851461725541405,59.81456460493388
45529,93,21,63.09189954255951,63.527704496396034
45530,23,103,53.892412371959956,51.469485426034936
45531,29,94,61.86409563545626,64.70046136926315
45532,26,98,58.04162338559564,50.36023760736333
45937,272,189,61.52621927017426,49.75849985199441
45938,271,198,73.8577489512935,46.83055993257692
45939,33,125,65.10235777490456,51.677449714250145
46196,251,246,49.17713948673953,54.566650604648494
46197,110,71,66.0486458321651,49.492616955255116
46198,45,273,58.38586691367718,53.95558533654548
46199,270,1,59.195561364926526,51.43669537685952
46200,277,299,72.38832766951532,47.36918403673758
46201,48,267,53.96822164783858,55.09139699867517
46423,173,166,61.50216438290284,54.17493848421641
46946,209,298,72.91161559276458,55.25853180541926
46947,329,38,53.50287720648562,51.98833903449835
46948,40,258,56.53695330914462,52.8538114534337
46949,59,300,72.94223223404627,52.40246948307243
46950,66,289,69.77970049302286,64.51891473546324
47456,54,235,67.78789026432361,51.38997515757926
47457,183,52,53.86195767048078,49.79394716691744
47458,57,2,52.743286430541765,57.705588702283684
47459,56,128,56.40250629429186,50.07807435010441
47460,53,17,55.30545921298108,47.349942949870226
47461,44,188,63.76586260308149,47.47446251081894
47462,18,224,59.99676169215412,57.79442572667637
47463,158,195,62.10587633754241,52.14636305905188
47464,161,46,57.92292129882405,53.52599813572364
47465,217,343,54.12021822185972,47.066217615157
47466,221,310,51.47993848686496,39.64015804996738
47467,344,139,74.2879358509893,65.12251981380585
47468,134,37,65.54536958944904,57.506660100044634
47469,146,313,67.65744143193473,61.00627838614537
47470,335,214,64.10119169602287,58.83109176288567
47471,47,135,58.73945576104018,57.429342048297656
47472,264,164,54.604616525264504,58.41445066058844
48136,145,330,71.79869576503656,61.527162222652684
48137,19,200,56.84893913150303,52.05638291543489
48138,16,817,57.99905514310003,50.381158899637775
48139,287,83,55.51851032387731,53.65380614220885
48140,196,286,57.18420839381915,61.10238912944905
48141,347,123,67.69743726851412,62.13831898308055
48142,78,74,73.85728076367103,69.62635836599694
48143,337,122,61.656569879759054,56.01282671658434
48145,7,396,74.71754253147975,53.43737774246798
48146,4,39,61.26381715474652,44.87649797972081
48147,81,124,71.73203082416177,68.31029488549079
48150,350,292,61.220979126649766,63.933564990321976
48151,394,120,52.94327897098998,49.14888840566736
48630,228,201,65.43393947062727,55.374007982405004
48631,157,208,64.20942974789818,67.91459067504906
48632,203,205,43.57143025802092,51.06689903387652
48633,207,211,56.536145010566194,58.56068504532877
48634,210,206,60.8281406548982,55.301256789798416
48718,20,262,59.94952646270419,56.23982390483892
49220,193,260,60.5817020854384,59.98332209491642
49221,136,177,57.70400945822061,56.481452808037275
49222,132,266,53.68324122739773,47.94957908842347
49223,242,144,54.51663444503256,58.87054619728796
49224,14,227,56.85587952186045,54.87221140287225
49226,234,281,63.4847118055341,69.80017349419228
49227,257,225,59.43464946284836,55.464795347076645
49228,85,130,57.72705934090546,50.96714942047925
49229,88,288,66.46360468082993,64.97636926195923
49269,140,187,65.96368448035548,57.479953744167254
49376,338,323,62.70633784863895,51.32022725579823
49378,239,186,53.198416669607596,55.81984250994038
49379,322,1212,63.78359361286694,62.461693224765625
49461,341,219,54.44142009573148,58.63571191978808
50129,115,392,65.88870523143544,52.59907096652547
44385,154,155,58.2783296322296,57.01571901814809
44386,150,230,67.3374665346119,64.16095342611538
44387,152,151,56.10921223285417,58.39136481605393
44388,156,149,60.03040714986653,59.43640629885428
45533,106,60,66.83287804548081,58.441067929400226
45534,3,113,57.09604457974537,52.378117951391516
45535,109,61,53.83010374385816,46.5269008442809
46202,254,253,55.03494205747299,55.453258440792006
46203,250,255,51.00741845637185,47.37489554837447
46204,248,247,51.85041366115743,57.266491893467766
47473,220,750,68.19528669133405,54.62269474376791
47474,169,226,50.641045413801876,48.91382471225581
47475,171,170,62.5837301426952,63.15527553580984
47476,118,339,67.62273594556906,62.19571860702041
48153,285,89,56.366480414476136,48.01382923830281
48154,327,308,61.8315973750449,48.61286678126673
48156,301,291,61.46229983079802,68.27117551908361
48157,178,314,60.47033773385927,58.49498808764286
48158,303,332,49.95977578498096,57.01238154275118
48159,293,319,60.845410608081366,62.357002845605486
48636,133,162,75.27633441470095,70.18350074353094
48637,252,249,61.18730759559828,64.01048031124415
48638,245,256,64.93589122984714,57.39911585020922
48639,240,204,52.75541010343889,47.93696456604113
48640,233,148,56.806105328818695,49.078133417070994
48766,86,197,63.482740756038794,60.631194365223145
49231,192,351,55.45413087319895,50.68569959849895
45940,272,198,58.95142856155994,43.050423190228514
45941,279,261,60.42764804975005,50.52031197573124
45942,32,131,62.90506310890062,54.32878241779613
46205,334,108,69.20634480745373,62.6339482610247
46424,92,102,56.548819712376314,57.41107728498166
46951,269,325,56.94019987209063,42.22112021476372
46952,84,193,61.68230136497325,47.23614059368474
47477,229,127,54.88191384855045,62.84749971976064
47478,231,163,70.74968245266159,63.301530369289615
47479,168,172,62.5698243392313,57.14511309240645
47480,167,175,65.25007842678497,55.41254253620102
47481,142,331,51.411668960958785,47.32298981872305
47482,164,55,63.20420723065732,61.17610825659111
48160,9,90,48.84813411450335,46.798472072689826
48161,284,42,63.587615629177456,58.755612680838524
48162,11,88,61.136413614448585,51.177796619937034
48163,27,34,56.869322735017676,50.67753101669846
48164,33,28,56.23091940382873,51.676229810298175
48165,126,237,71.38377065004727,60.79669767138958
48166,73,186,56.805679942389695,56.86219573903395
49232,817,259,52.867448609096115,50.9300457330242
49381,137,305,67.12419585959692,56.677719915281415
49523,178,314,60.47033773385927,58.49498808764286
45933,272,282,54.21659425061441,47.05687608073881
45934,279,54,58.40590801392624,53.70020134509997
45935,8,23,50.232782599689436,50.859906695499284
45936,35,50,53.208296221470945,45.915219997368816
46190,253,1025,60.87424884481633,45.41843524086907
46191,250,158,57.81385156923915,51.55589659848007
46192,255,307,58.96310838349789,45.96351448956741
46420,260,166,62.46356044359069,57.12967957403278
46939,269,285,59.60944200665513,50.810651149114676
46940,298,72,64.68374602967316,61.158147352173856
47436,118,259,65.36247586313898,59.718304994741494
47437,187,1007,55.50915373157538,54.97270299240418
47438,169,224,57.75388265591352,46.437779497789194
47439,53,164,50.629013624482404,49.55712997754183
47440,147,165,67.64204846999611,65.25865755168934
47441,221,68,48.12285613844051,48.19388120743766
47442,18,261,54.31940848614883,69.91746625885553
47443,163,17,61.86448540153019,53.663677262457014
47444,161,133,64.86759648515007,62.18005903918967
47446,214,75,77.79706249248241,67.1086869846627
48111,135,74,63.929430747534326,64.48482793945101
48112,16,1213,60.48063264055529,45.06202592138356
48113,71,123,57.08817833959763,61.03577548361772
48115,328,233,53.603508481554734,53.84398342128253
48116,2,132,55.65541515558803,45.347328668797964
48117,1,303,65.38745028957163,47.77955014081786
48118,12,70,61.82057231224942,65.53928792825126
48119,180,311,66.85247401093582,54.647837005055116
48120,301,192,61.65699887853547,61.539077292724535
48121,312,294,67.01064462592576,63.76444518221606
48757,39,223,56.06964528737867,56.0753774183953
48759,90,41,54.697274196382885,49.17015014411426
48760,130,86,52.481199004545886,51.63265243102738
48761,79,296,53.025231388279934,55.30979379502219
49208,154,234,63.6012642237021,56.58846210097002
49209,151,259,60.936539243202766,59.536204515429624
49210,203,170,48.67125392775714,56.059223534475485
49211,243,118,67.48593236965529,71.87329670737836
49212,179,172,63.90681358400704,56.82276148853171
49213,174,128,64.08031348560054,64.55147429320296
49266,113,313,71.13551844640735,53.47283103462709
49370,230,330,67.90230668508556,70.02478078759346
49521,140,70,65.03201143506348,62.58408686745647
49833,148,126,57.31687199643183,62.82932283992406
49834,127,284,57.45136178437309,53.67692260883581
49835,286,291,62.96930203241199,62.51004863548219
50276,7,254,60.45270137095493,58.676859150525594
50277,105,274,51.594600767939376,50.06808495446351
50278,60,168,59.433570888471195,48.776443069208135
50279,99,29,53.054761609327414,56.9164763201382
50284,76,252,65.54648191299967,68.491722751235
50285,107,271,56.63218190582994,61.14615426226091
50286,275,21,63.209229793044344,66.86287665013874
50287,3,110,54.6348772173881,50.378281054697744
50293,97,340,61.242569197905055,51.14347350051034
50294,245,58,53.81733022596619,54.353327219709016
50295,94,26,58.60728676041858,57.65030043479984
50296,334,59,74.88475655256056,63.53612109522439
50297,149,208,68.04921884286934,71.36461938949392
50298,222,184,62.36613712826172,65.9102425305475
50299,117,15,60.2817716285886,60.952552705999786
50300,141,124,68.11753241506054,58.7324327238565
45515,100,28,50.464556595294454,46.00694719607818
45516,31,104,50.310286530436905,41.88183030666123
46193,106,304,62.39353051803635,41.17874539292166
47447,243,118,69.27213961899764,70.02566635730787
47448,312,165,63.30456920649308,66.9455563053889
47449,216,295,56.62247045259834,54.65221806274231
47450,147,294,71.34822464623768,62.13336311756867
48122,278,316,58.65329721164156,44.870496710852734
48123,249,347,65.98801400386556,59.279703438867685
48124,10,326,66.25340168039332,55.17712585529518
48125,241,299,62.39718778320146,56.60242004838538
48127,339,122,62.129037074567805,58.696725721337614
49216,118,259,63.67953111361839,61.36890092157348
49217,176,159,56.66259505152516,54.09213839451926
49371,151,243,69.01890034350768,65.59901147634417
49459,276,333,69.02081719254448,51.387333697660104
45517,65,108,52.56397108166318,57.30798080397984
45518,91,32,71.52703620430638,61.466700958149495
45519,96,34,56.298080504719366,49.137919517115506
45520,95,22,49.962731804639546,49.88115228056381
45521,27,101,50.23202639520843,45.91772544238457
45522,24,92,51.83073189952487,51.57802309523313
45523,102,30,63.685157255580826,56.42947931386009
46194,202,280,52.59687739405701,52.98942703850815
46195,268,1025,63.347303177507165,46.69039278504521
46421,89,290,56.03311276203589,49.71694031936504
46422,331,283,51.56208230130321,57.4517547938617
46941,182,306,65.19296355802568,60.23146623514155
46942,6,191,62.95887036331115,46.062328298999475
46943,67,229,73.48420483204262,53.39249138605282
47451,212,116,57.67114678682926,55.11300124925541
47452,11,55,56.67282242138832,53.19111244985756
47453,51,119,52.68005370211842,55.19534606099657
47454,49,142,56.90992426757346,50.42858340684494
47455,232,163,49.23667806486404,50.820491678910166
48128,9,190,56.0275680005317,46.74553793703775
48129,265,13,52.83197035679454,50.778365527789795
48131,129,138,51.088890982216505,49.560549229751494
48132,143,68,53.16257417525772,57.52220770732545
48133,362,72,53.78185988683968,50.770156458417944
48134,345,307,58.79690143134297,46.75482351154315
48763,197,80,67.5640166124669,67.82341173359534
49373,1024,69,57.35950792812078,52.903282791011314
49374,215,121,61.36665673648038,47.37926528930624
49522,33,125,61.92778102104957,49.4861758287508
45524,64,112,53.109321125466614,50.34697643423151
45525,111,62,57.24961435384043,44.69576185463563
45526,114,63,59.10265412841349,49.427685585493776
45527,99,35,54.74822870725509,54.99411000384414
45528,25,97,58.810622385153195,56.67843691768437
45529,93,21,60.970284066063584,60.071359287363315
45530,23,103,54.19816124109197,51.77516572620135
45531,29,94,56.572181049181296,59.3984011378546
45532,26,98,54.337070749590396,48.05375095666858
45937,272,189,61.84151288216253,50.073470398926304
45938,271,198,70.91146828811398,45.090889545993406
45939,33,125,61.92778102104957,49.4861758287508
46196,251,246,47.47089656525444,51.82435811145562
46197,110,71,63.657795363871315,47.94442876461381
46198,45,273,56.251451667185975,50.98275658671425
46199,270,1,59.50843919739057,51.749358583290494
46200,277,299,69.27963769603238,45.63408455515472
46201,48,267,54.27051506877353,55.39372257284103
46423,173,166,61.81858003672827,54.49115370151522
46946,209,298,73.24350538355966,55.58996101896536
46947,329,38,53.8060428955823,52.291461494735096
46948,40,258,56.83494184601676,53.151692986300496
46949,59,300,69.71865581894333,50.403648574570205
46950,66,289,70.11254886460362,64.85162628440575
47456,54,235,68.11264050398012,51.71428823531248
47457,183,52,54.175644331349304,50.10752164470572
47458,57,2,53.05519376252613,58.0176336535188
47459,56,128,56.70635740272893,50.38174530467374
47460,53,17,55.61914816243836,47.663412484428264
47461,44,188,60.67226818620433,45.6359072836674
47462,18,224,60.32015482554291,58.11775993588805
47463,158,195,62.429579855480576,52.46980031837099
47464,161,46,58.249185699845846,53.852145961113976
47465,217,343,54.42564035459669,47.371439899302
47466,221,310,51.77169881574301,39.93156716027708
47467,344,139,74.60701802263252,65.44135310902173
47468,134,37,65.8379803146685,57.79903272049134
47469,146,313,67.98218240357322,61.33084203721362
47470,335,214,64.40987524897756,59.1396274652339
47471,47,135,59.043315185240616,57.73316414617253
47472,264,164,54.91986728817237,58.72980596746958
48136,145,330,72.1072593436841,61.8354373195391
48137,19,200,57.19376930092699,52.40109293046569
48138,16,817,58.29608386693198,50.677965550097994
48139,287,83,55.829996794315065,53.96524081543143
48140,196,286,57.47758095416653,61.39587734141665
48141,347,123,68.0229437256215,62.46367758557935
48142,78,74,74.17348018448442,69.9424418442888
48143,337,122,61.97247020693454,56.32857240230235
48145,7,396,71.89872936850469,51.73571151138436
48146,4,39,61.56347478244883,45.17568197983022
48147,81,124,72.04382243281435,68.62199140129982
48150,350,292,61.56269943577403,64.27535395338326
48151,394,120,50.117539397348956,47.03738942114797
48630,228,201,65.75450033632208,55.694297163485025
48631,157,208,64.52782890019131,68.23309056754971
48632,203,205,41.71220873154805,48.51123105510968
48633,207,211,56.851880376277734,58.87647588885127
48634,210,206,61.13212188372145,55.60508058534077
48718,20,262,60.25260382653233,56.54279528787204
49220,193,260,60.90100345123404,60.30260724279238
49221,136,177,58.017550057204254,56.79495966533281
49222,132,266,53.98097852013038,48.247149709493286
49223,242,144,54.81475671507877,59.16879487627064
49224,14,227,57.15759187319555,55.17386684128873
49226,234,281,63.8065945242843,70.12222603597104
49227,257,225,59.74656279987438,55.77659852430068
49228,85,130,58.02729013935562,51.267185287936925
49229,88,288,64.18998032028236,62.35520654039394
49269,140,187,66.29383186770933,57.80987872927368
49376,338,323,63.0278383473318,51.641421233777834
49378,239,186,53.498269111434695,56.11977060717731
49379,322,1212,64.12186764833795,62.79993345308636
49461,341,219,54.75806981811921,58.9524762209081
50129,115,392,66.20837231420562,52.918378112581166
44385,154,155,58.579052619730646,57.316405654911456
44386,150,230,67.66154779613741,64.48494982945884
44387,152,151,56.39746399907718,58.67968514705445
44388,156,149,60.34717196072936,59.753154880988006
45533,106,60,60.89196531728504,52.95485383636599
45534,3,113,53.96439778392262,50.52457409472474
45535,109,61,54.12564767085403,46.82223087905544
46202,254,253,52.11874059839016,53.61294444291664
46203,250,255,51.32834315747159,47.69572237967233
46204,248,247,52.17448097830689,57.59070371708056
47473,220,750,68.53067836213764,54.95773616748551
47474,169,226,50.927856010856175,49.200583183337976
47475,171,170,60.20202275763367,61.2452528673517
47476,118,339,67.94450155592708,62.517338179889336
48153,285,89,56.65310078118105,48.30019720637064
48154,327,308,62.13625238064028,48.917146058097075
48156,301,291,61.78197035103748,68.59103037915266
48157,178,314,60.79539084877993,58.81998862200848
48158,303,332,50.247053376359446,57.2998716103838
48159,293,319,58.53730802520563,59.59776609142078
48636,133,162,75.5968124953297,70.50384113246821
48637,252,249,57.76184335042539,61.194572337836014
48638,245,256,61.7437333368494,55.474193441100454
48639,240,204,53.05520114279111,48.23661652032278
48640,233,148,57.12371527862315,49.39553285705097
48766,86,197,63.78221073886052,60.930581862273804
49231,192,351,55.752397139874304,50.9838274761165
45940,272,198,59.25107371520646,43.34960885609469
45941,279,261,60.7492246312607,50.84162196114543
45942,32,131,60.9731503054589,51.82326590123444
46205,334,108,69.54423843697347,62.97167354278376
46424,92,102,56.86197427664577,57.7242556741278
46951,269,325,57.234905259439955,42.51539314228454
46952,84,193,61.97895041402362,47.532367815036054
47477,229,127,55.20023089989523,63.16603323088445
47478,231,163,71.09541045513446,63.64707193858637
47479,168,172,59.9008907002861,55.06799705129233
47480,167,175,65.54862514044389,55.7108037418955
47481,142,331,51.701967364711415,47.61316631828715
47482,164,55,63.53137893811909,61.50322632047205
48160,9,90,49.14657658332447,47.09685513041018
48161,284,42,63.89195293505277,59.05981247411989
48162,11,88,61.44501958581854,51.486123211297084
48163,27,34,57.1843114670464,50.992349665892085
48164,33,28,53.15380548788593,49.54474009891867
48165,126,237,71.72810333202723,61.1407642529915
48166,73,186,57.115785199444616,57.172302573215774
49232,817,259,53.15237105143536,51.21490930045112
49381,137,305,67.45084671307865,57.00409392348728
49523,178,314,60.79539084877993,58.81998862200848
44390,154,230,66.13240720734206,62.94846390288984
44391,151,317,61.53384603976352,47.87457816505337
44393,315,149,63.08592420620604,58.88717641917924
45536,58,105,53.29872795330737,48.0964164988013
46206,65,96,53.935438739197906,52.46234698111978
46207,98,225,60.06490979862798,45.192964645577014
46208,112,202,51.20325058660468,47.981140486600836
46209,273,285,59.069997697867855,52.54930538312225
46210,270,215,53.21369095197334,50.81379527868682
46211,62,267,52.47651084222458,52.78133847012558
46212,7,274,59.713065367712574,54.28655439425051
46425,290,258,49.97169935515281,53.88196159420323
46426,283,190,69.71173074274871,48.77262542237672
46427,103,93,53.87077368457167,55.243893497052426
46428,50,63,47.056285804784075,48.17551838963401
46953,282,238,59.60794289000606,59.01715353997119
46954,138,191,54.56448260283161,51.71060332656227
46955,209,66,60.20218581090304,54.65241351552646
46956,64,234,66.06630076118554,53.24298417122358
46958,59,107,61.378611241910264,55.731194061362636
47483,348,117,67.0786343526966,63.28024020879148
47484,2,45,51.702111712646854,50.927710050244684
47485,179,47,55.58444800584173,54.250369456819065
47486,54,205,54.48253399232314,46.02445931210005
47487,125,52,48.82420907330712,54.330157832365785
47488,56,183,53.19695837903724,50.73816119062789
47489,10,53,52.722909982993585,42.29378925741142
47490,51,184,60.902848428174245,58.38845916286171
47491,44,300,63.22385238250685,44.250651867017076
47492,46,224,63.21743765047604,48.21834506925061
47493,264,232,52.04625978207997,49.37879326369693
47494,12,158,60.567048733999364,63.4723359973209
47496,344,214,82.16113082217238,78.14033430752887
47497,343,216,54.62077963807369,51.77517971637754
47498,217,75,61.32690118930408,53.39901958335711
47499,76,221,58.20532828926185,56.331744436065456
47501,226,173,56.19380331200376,53.75668204494568
47502,170,169,56.16526716617161,50.45402756448931
47503,161,57,59.76706919682495,55.1901795728644
47504,119,339,67.62900685223717,56.50834131253254
47505,116,213,54.067185746575404,52.85168612089956
48168,260,19,63.22115006869576,58.16042526157838
48169,227,16,55.170408410802274,59.729910054631
48170,130,286,49.87889348804086,55.98429655510385
48171,312,294,68.74567310402277,62.074863496331005
48172,141,316,69.36494258619692,49.88372378925206
48174,82,81,64.5711182806489,60.93466823154162
48175,219,345,53.11485045488136,48.180415411361864
48176,72,78,65.12227801027568,72.01236419749404
48177,322,350,69.14525258921758,63.342693279182576
48178,69,750,60.34587044432454,58.65229051498775
48179,336,321,57.89895763781412,53.212141222944965
48180,337,79,59.08004182702179,52.107660971533235
48181,287,43,64.31066438721297,59.94889094673768
48183,1,306,65.32159683488571,53.34486755685099
48184,335,6,45.71418298441059,51.59378004669268
48185,80,241,66.4315629866845,57.972720891744565
48186,26,35,56.533272851771564,48.3432587865267
48187,25,30,62.060301629047075,56.42328798153938
48188,22,29,54.808187076082696,46.49352890411163
48189,275,314,70.9643315315282,58.911817886133434
48193,362,741,52.36133915482585,45.08322715378695
48194,340,71,60.46435678945793,48.797461777300605
48195,122,394,55.15725746498426,53.504693435492136
48642,201,87,52.7741482695459,63.13117183468651
48643,211,157,65.16872184921341,50.09121682641523
48644,206,203,62.59928968943771,50.66634878893891
48645,208,210,64.44614305848754,62.12338878287411
48646,263,223,56.545616663628806,54.675571646324215
48647,262,200,57.70580572016102,50.99945348964831
48767,83,281,58.166151358768104,59.97032618790403
48768,159,14,59.30037508890407,54.27518445093802
48769,85,36,60.85886147621733,57.19642978512334
48770,39,257,58.41802534531192,58.52377572062222
48771,20,1213,57.56879905434452,45.85348588328628
49233,236,396,61.0543383654352,52.600996227508666
49234,136,180,70.92028260542921,67.50985225804646
49235,5,320,62.98426166010933,65.72013857359481
49236,189,195,60.537270686226435,59.58770708752317
49237,132,160,53.487411203130065,54.02567558563961
49238,288,129,55.859749291211166,54.875873266508236
49239,133,49,63.851113208053604,62.624198312327174
49383,182,207,60.125561809085966,62.49346061149881
49384,278,308,52.95838147109669,34.06993365938748
49385,244,333,58.0937437982349,57.387992533095485
49386,181,199,66.16619072261301,61.54857152729344
49387,242,235,57.949303467559794,52.15272755264837
49463,341,77,63.56835931722467,54.10515502760264
49524,276,222,69.0835376044006,50.31147767599125
49636,165,346,61.284516085827235,55.86698269533424
